<?xml version="1.0"?>
<manifest xmlns="http://www.imsglobal.org/xsd/imscp_v1p1" xmlns:imsqti="http://www.imsglobal.org/xsd/imsqti_v2p0" xmlns:xsi="http://www.w3.org/2001/XMLSchema-instance" xsi:schemaLocation="http://www.imsglobal.org/xsd/imscp_v1p1 imscp_v1p1.xsd http://www.imsglobal.org/xsd/imsqti_v2p0 imsqti_v2p0.xsd" identifier="QTI-MANIFEST-astronomy">
    <organizations/>
    <resources>
        <resource identifier="astronomy" type="imsqti_item_xmlv2p0" href="astronomy/qti.xml">
            <metadata>
                <schema>IMS QTI Item</schema>
                <schemaversion>2.0</schemaversion>      
                <imsqti:qtiMetadata>
                    <imsqti:timeDependent>false</imsqti:timeDependent>
                                        <imsqti:interactionType>associate</imsqti:interactionType>
                                         <imsqti:feedbackType>nonadaptive</imsqti:feedbackType>
                    <imsqti:solutionAvailable/>
                    <imsqti:toolName>TAO</imsqti:toolName>
                    <imsqti:toolVersion>2.4-alpha</imsqti:toolVersion>
                    <imsqti:toolVendor>TAO Initiative</imsqti:toolVendor>
                </imsqti:qtiMetadata>
            </metadata>
            <file href="astronomy/qti.xml"/>
                        <file href="astronomy/img/earth.png"/>
                        <file href="astronomy/img/ganymede.png"/>
                        <file href="astronomy/img/jupiter.png"/>
                        <file href="astronomy/img/moon.png"/>
                        <file href="astronomy/img/neptune.png"/>
                        <file href="astronomy/img/triton.png"/>
                    </resource>
    <resource identifier="elections-in-the-united-states-2004" type="imsqti_item_xmlv2p0" href="elections/qti.xml">
            <metadata>
                <schema>IMS QTI Item</schema>
                <schemaversion>2.0</schemaversion>      
                <imsqti:qtiMetadata>
                    <imsqti:timeDependent>false</imsqti:timeDependent>
                                        <imsqti:interactionType>slider</imsqti:interactionType>
                                         <imsqti:feedbackType>nonadaptive</imsqti:feedbackType>
                    <imsqti:solutionAvailable/>
                    <imsqti:toolName>TAO</imsqti:toolName>
                    <imsqti:toolVersion>2.4-alpha</imsqti:toolVersion>
                    <imsqti:toolVendor>TAO Initiative</imsqti:toolVendor>
                </imsqti:qtiMetadata>
            </metadata>
            <file href="elections/qti.xml"/>
                        <file href="elections/img/body-bg.jpg"/>
                        <file href="elections/img/map.jpg"/>
                        <file href="elections/style.css"/>
                    </resource><resource identifier="periods-of-history" type="imsqti_item_xmlv2p0" href="history/qti.xml">
            <metadata>
                <schema>IMS QTI Item</schema>
                <schemaversion>2.0</schemaversion>      
                <imsqti:qtiMetadata>
                    <imsqti:timeDependent>false</imsqti:timeDependent>
                                        <imsqti:interactionType>order</imsqti:interactionType>
                                         <imsqti:feedbackType>nonadaptive</imsqti:feedbackType>
                    <imsqti:solutionAvailable/>
                    <imsqti:toolName>TAO</imsqti:toolName>
                    <imsqti:toolVersion>2.4-alpha</imsqti:toolVersion>
                    <imsqti:toolVendor>TAO Initiative</imsqti:toolVendor>
                </imsqti:qtiMetadata>
            </metadata>
            <file href="history/qti.xml"/>
                        <file href="history/img/body-bg.png"/>
                        <file href="history/img/c1-bg.png"/>
                        <file href="history/img/c2-bg.png"/>
                        <file href="history/img/c3-bg.png"/>
                        <file href="history/img/c4-bg.png"/>
                        <file href="history/img/c5-bg.png"/>
                        <file href="history/img/header-arrow.png"/>
                        <file href="history/img/header-bg.png"/>
                        <file href="history/img/interaction-bg.png"/>
                        <file href="history/style.css"/>
                    </resource><resource identifier="space-shuttle-30-years-of-adventure" type="imsqti_item_xmlv2p0" href="space-shuttle/qti.xml">
            <metadata>
                <schema>IMS QTI Item</schema>
                <schemaversion>2.0</schemaversion>      
                <imsqti:qtiMetadata>
                    <imsqti:timeDependent>false</imsqti:timeDependent>
                                        <imsqti:interactionType>choice</imsqti:interactionType>
                                         <imsqti:feedbackType>nonadaptive</imsqti:feedbackType>
                    <imsqti:solutionAvailable/>
                    <imsqti:toolName>TAO</imsqti:toolName>
                    <imsqti:toolVersion>2.4-alpha</imsqti:toolVersion>
                    <imsqti:toolVendor>TAO Initiative</imsqti:toolVendor>
                </imsqti:qtiMetadata>
            </metadata>
            <file href="space-shuttle/qti.xml"/>
                        <file href="space-shuttle/img/body-bg.jpg"/>
                        <file href="space-shuttle/style/50c6ed4ce97e1_renamed.css"/>
                        <file href="space-shuttle/style.css"/>
                    </resource></resources>
</manifest>
