<?xml version="1.0" encoding="UTF-8"?>
<assessmentItem xmlns="http://www.imsglobal.org/xsd/imsqti_v2p1"
    xmlns:xsi="http://www.w3.org/2001/XMLSchema-instance"
    xsi:schemaLocation="http://www.imsglobal.org/xsd/imsqti_v2p1  http://www.imsglobal.org/xsd/qti/qtiv2p1/imsqti_v2p1.xsd"
    identifier="match-single-cardinality" title="Associate Things" adaptive="false" timeDependent="false">
    <responseDeclaration identifier="RESPONSE" cardinality="single" baseType="directedPair">
        <correctResponse>
            <value>M C</value>
        </correctResponse>
    </responseDeclaration>
    <outcomeDeclaration identifier="SCORE" cardinality="single" baseType="float"/>
    <itemBody>
        <matchInteraction responseIdentifier="RESPONSE" shuffle="true" minAssociations="1" maxAssociations="1">
            <prompt>Please mark the unique valid association below:</prompt>
                <simpleMatchSet>
                    <simpleAssociableChoice identifier="M" matchMax="1">Mouse</simpleAssociableChoice>
                    <simpleAssociableChoice identifier="S" matchMax="1">Soda</simpleAssociableChoice>
                    <simpleAssociableChoice identifier="W" matchMax="1">Wheel</simpleAssociableChoice>
                    <simpleAssociableChoice identifier="D" matchMax="1">Darth Vader</simpleAssociableChoice>
                </simpleMatchSet>
                <simpleMatchSet>
                    <simpleAssociableChoice identifier="A" matchMax="1">Astronaut</simpleAssociableChoice>
                    <simpleAssociableChoice identifier="C" matchMax="1">Computer</simpleAssociableChoice>
                    <simpleAssociableChoice identifier="P" matchMax="1">Plane</simpleAssociableChoice>
                    <simpleAssociableChoice identifier="N" matchMax="1">Number</simpleAssociableChoice>
            </simpleMatchSet>
        </matchInteraction>
    </itemBody>
    <responseProcessing template="http://www.imsglobal.org/question/qti_v2p1/rptemplates/match_correct"/>
</assessmentItem>
