<?xml version="1.0"?>
<manifest xmlns="http://www.imsglobal.org/xsd/imscp_v1p1"
          xmlns:imsqti="http://www.imsglobal.org/xsd/imsqti_v2p1"
          xmlns:xsi="http://www.w3.org/2001/XMLSchema-instance"
          xsi:schemaLocation="http://www.imsglobal.org/xsd/imscp_v1p1 http://www.imsglobal.org/xsd/imscp_v1p1.xsd http://www.imsglobal.org/xsd/imsqti_v2p1 http://www.imsglobal.org/xsd/imsqti_v2p1.xsd" identifier="QTI-TEST-MANIFEST-tao53e8bc088ee0c8-00245746">
    <organizations/>
    <resources>
        <resource identifier="QTIv2p1Examples-item-1" type="imsqti_item_xmlv2p1" href="items/i14077454786823397/qti.xml">
            <metadata>
                <schema>IMS QTI Item</schema>
                <schemaversion>2.1</schemaversion>
                <imsqti:qtiMetadata>
                    <imsqti:timeDependent>false</imsqti:timeDependent>
                    <imsqti:feedbackType>nonadaptive</imsqti:feedbackType>
                    <imsqti:solutionAvailable>false</imsqti:solutionAvailable>
                    <imsqti:toolName/>
                    <imsqti:toolVersion>2.7</imsqti:toolVersion>
                    <imsqti:toolVendor>Open Assessment Technologies S.A.</imsqti:toolVendor>
                </imsqti:qtiMetadata>
            </metadata>
            <file href="items/i14077454786823397/qti.xml"/>
            <file href="items/i14077454786823397/intro.png"/>
            <file href="items/i14077454786823397/style/custom/tao-user-styles.css"/>
        </resource>
        <resource identifier="QTIv2p1Examples-item-2" type="imsqti_item_xmlv2p1" href="items/i14073357147621368/qti.xml">
            <metadata>
                <schema>IMS QTI Item</schema>
                <schemaversion>2.1</schemaversion>
                <imsqti:qtiMetadata>
                    <imsqti:timeDependent>false</imsqti:timeDependent>
                    <imsqti:interactionType>mediaInteraction</imsqti:interactionType>
                    <imsqti:interactionType>sliderInteraction</imsqti:interactionType>
                    <imsqti:interactionType>orderInteraction</imsqti:interactionType>
                    <imsqti:feedbackType>nonadaptive</imsqti:feedbackType>
                    <imsqti:solutionAvailable>false</imsqti:solutionAvailable>
                    <imsqti:toolName/>
                    <imsqti:toolVersion>2.7</imsqti:toolVersion>
                    <imsqti:toolVendor>Open Assessment Technologies S.A.</imsqti:toolVendor>
                </imsqti:qtiMetadata>
            </metadata>
            <file href="items/i14073357147621368/qti.xml"/>
            <file href="items/i14073357147621368/HowManyInternetUsers1.jpg"/>
            <file href="items/i14073357147621368/computer_education.jpg"/>
            <file href="items/i14073357147621368/education-schooling.jpg"/>
            <file href="items/i14073357147621368/style/custom/tao-user-styles.css"/>
            <file href="items/i14073357147621368/tao_logo_big.png"/>
        </resource>
        <resource identifier="QTIv2p1Examples-item-3" type="imsqti_item_xmlv2p1" href="items/i1407415874422375/qti.xml">
            <metadata>
                <schema>IMS QTI Item</schema>
                <schemaversion>2.1</schemaversion>
                <imsqti:qtiMetadata>
                    <imsqti:timeDependent>false</imsqti:timeDependent>
                    <imsqti:interactionType>orderInteraction</imsqti:interactionType>
                    <imsqti:interactionType>associateInteraction</imsqti:interactionType>
                    <imsqti:feedbackType>nonadaptive</imsqti:feedbackType>
                    <imsqti:solutionAvailable>false</imsqti:solutionAvailable>
                    <imsqti:toolName/>
                    <imsqti:toolVersion>2.7</imsqti:toolVersion>
                    <imsqti:toolVendor>Open Assessment Technologies S.A.</imsqti:toolVendor>
                </imsqti:qtiMetadata>
            </metadata>
            <file href="items/i1407415874422375/qti.xml"/>
            <file href="items/i1407415874422375/456-sand.jpg"/>
            <file href="items/i1407415874422375/789-sand.jpg"/>
            <file href="items/i1407415874422375/numbers-sand.jpg"/>
            <file href="items/i1407415874422375/style/custom/tao-user-styles.css"/>
        </resource>
        <resource identifier="QTIv2p1Examples-item-4" type="imsqti_item_xmlv2p1" href="items/i14075046665841385/qti.xml">
            <metadata>
                <schema>IMS QTI Item</schema>
                <schemaversion>2.1</schemaversion>
                <imsqti:qtiMetadata>
                    <imsqti:timeDependent>false</imsqti:timeDependent>
                    <imsqti:interactionType>gapMatchInteraction</imsqti:interactionType>
                    <imsqti:feedbackType>nonadaptive</imsqti:feedbackType>
                    <imsqti:solutionAvailable>false</imsqti:solutionAvailable>
                    <imsqti:toolName/>
                    <imsqti:toolVersion>2.7</imsqti:toolVersion>
                    <imsqti:toolVendor>Open Assessment Technologies S.A.</imsqti:toolVendor>
                </imsqti:qtiMetadata>
            </metadata>
            <file href="items/i14075046665841385/qti.xml"/>
            <file href="items/i14075046665841385/1024px-Gustave_Courbet_033.jpg"/>
            <file href="items/i14075046665841385/style/custom/tao-user-styles.css"/>
        </resource>
        <resource identifier="QTIv2p1Examples-item-5" type="imsqti_item_xmlv2p1" href="items/i14075056192700387/qti.xml">
            <metadata>
            <schema>IMS QTI Item</schema>
            <schemaversion>2.1</schemaversion>
            <imsqti:qtiMetadata>
                <imsqti:timeDependent>false</imsqti:timeDependent>
                <imsqti:interactionType>matchInteraction</imsqti:interactionType>
                <imsqti:feedbackType>nonadaptive</imsqti:feedbackType>
                <imsqti:solutionAvailable>false</imsqti:solutionAvailable>
                <imsqti:toolName/>
                <imsqti:toolVersion>2.7</imsqti:toolVersion>
                <imsqti:toolVendor>Open Assessment Technologies S.A.</imsqti:toolVendor>
            </imsqti:qtiMetadata>
            </metadata>
            <file href="items/i14075056192700387/qti.xml"/>
            <file href="items/i14075056192700387/style/custom/tao-user-styles.css"/>
            <file href="items/i14075056192700387/tutorial.css"/>
            </resource>
        <resource identifier="QTIv2p1Examples-item-6" type="imsqti_item_xmlv2p1" href="items/i140750644282389/qti.xml">
        <metadata>
            <schema>IMS QTI Item</schema>
            <schemaversion>2.1</schemaversion>
            <imsqti:qtiMetadata>
                <imsqti:timeDependent>false</imsqti:timeDependent>
                <imsqti:interactionType>inlineChoiceInteraction</imsqti:interactionType>
                <imsqti:interactionType>textEntryInteraction</imsqti:interactionType>
                <imsqti:interactionType>extendedTextInteraction</imsqti:interactionType>
                <imsqti:interactionType>uploadInteraction</imsqti:interactionType>
                <imsqti:feedbackType>nonadaptive</imsqti:feedbackType>
                <imsqti:solutionAvailable>false</imsqti:solutionAvailable>
                <imsqti:toolName/>
                <imsqti:toolVersion>2.7</imsqti:toolVersion>
                <imsqti:toolVendor>Open Assessment Technologies S.A.</imsqti:toolVendor>
            </imsqti:qtiMetadata>
            </metadata>
            <file href="items/i140750644282389/qti.xml"/>
            <file href="items/i140750644282389/Les_Demoiselles_d'Avignon.jpg"/>
            <file href="items/i140750644282389/PicassoGuernica.jpg"/>
            <file href="items/i140750644282389/style/custom/tao-user-styles.css"/>
        </resource>
        <resource identifier="QTIv2p1Examples-item-7" type="imsqti_item_xmlv2p1" href="items/i14075077342100391/qti.xml">
            <metadata>
                <schema>IMS QTI Item</schema>
                <schemaversion>2.1</schemaversion>
                <imsqti:qtiMetadata>
                    <imsqti:timeDependent>false</imsqti:timeDependent>
                    <imsqti:interactionType>selectPointInteraction</imsqti:interactionType>
                    <imsqti:feedbackType>nonadaptive</imsqti:feedbackType>
                    <imsqti:solutionAvailable>false</imsqti:solutionAvailable>
                    <imsqti:toolName/>
                    <imsqti:toolVersion>2.7</imsqti:toolVersion>
                    <imsqti:toolVendor>Open Assessment Technologies S.A.</imsqti:toolVendor>
                </imsqti:qtiMetadata>
            </metadata>
            <file href="items/i14075077342100391/qti.xml"/>
            <file href="items/i14075077342100391/Europe_satellite_globe.jpg"/>
            <file href="items/i14075077342100391/style/custom/tao-user-styles.css"/>
        </resource>
        <resource identifier="QTIv2p1Examples-item-8" type="imsqti_item_xmlv2p1" href="items/i14075078448727393/qti.xml">
            <metadata>
                <schema>IMS QTI Item</schema>
                <schemaversion>2.1</schemaversion>
                <imsqti:qtiMetadata>
                    <imsqti:timeDependent>false</imsqti:timeDependent>
                    <imsqti:interactionType>graphicOrderInteraction</imsqti:interactionType>
                    <imsqti:feedbackType>nonadaptive</imsqti:feedbackType>
                    <imsqti:solutionAvailable>false</imsqti:solutionAvailable>
                    <imsqti:toolName/>
                    <imsqti:toolVersion>2.7</imsqti:toolVersion>
                    <imsqti:toolVendor>Open Assessment Technologies S.A.</imsqti:toolVendor>
                </imsqti:qtiMetadata>
            </metadata>
            <file href="items/i14075078448727393/qti.xml"/>
            <file href="items/i14075078448727393/Map_of_USA_highlighting_states_with_no_income_tax.svg.png"/>
            <file href="items/i14075078448727393/style/custom/tao-user-styles.css"/>
        </resource>
        <resource identifier="QTIv2p1Examples-item-9" type="imsqti_item_xmlv2p1" href="items/i14077449258577395/qti.xml">
            <metadata>
            <schema>IMS QTI Item</schema>
            <schemaversion>2.1</schemaversion>
            <imsqti:qtiMetadata>
                <imsqti:timeDependent>false</imsqti:timeDependent>
                <imsqti:interactionType>graphicAssociateInteraction</imsqti:interactionType>
                <imsqti:feedbackType>nonadaptive</imsqti:feedbackType>
                <imsqti:solutionAvailable>false</imsqti:solutionAvailable>
                <imsqti:toolName/>
                <imsqti:toolVersion>2.7</imsqti:toolVersion>
                <imsqti:toolVendor>Open Assessment Technologies S.A.</imsqti:toolVendor>
            </imsqti:qtiMetadata>
            </metadata>
            <file href="items/i14077449258577395/qti.xml"/>
            <file href="items/i14077449258577395/700px-Europe_polar_stereographic_Caucasus_Urals_boundary.svg.png"/>
            <file href="items/i14077449258577395/style/custom/tao-user-styles.css"/>
        </resource>
        <resource identifier="QTIv2p1Examples-test-1" type="imsqti_test_xmlv2p1" href="tests/i14077455096477398/test.xml">
            <file href="tests/i14077455096477398/test.xml"/>
            <dependency identifierref="QTIv2p1Examples-item-1"/>
            <dependency identifierref="QTIv2p1Examples-item-2"/>
            <dependency identifierref="QTIv2p1Examples-item-3"/>
            <dependency identifierref="QTIv2p1Examples-item-4"/>
            <dependency identifierref="QTIv2p1Examples-item-5"/>
            <dependency identifierref="QTIv2p1Examples-item-6"/>
            <dependency identifierref="QTIv2p1Examples-item-7"/>
            <dependency identifierref="QTIv2p1Examples-item-8"/>
            <dependency identifierref="QTIv2p1Examples-item-9"/>
        </resource>
    </resources>
</manifest>
